<?xml version="1.0" encoding="UTF-8" standalone="yes"?>
<Transaction>
    <retailStoreID>303</retailStoreID>
    <transactionDetails>
        <businessDayDate>2019-07-15</businessDayDate>
        <delivery>
            <deliveryStatus>Completed</deliveryStatus>
            <deliveryvalue>yes</deliveryvalue>
        </delivery>
        <paymentMode>cash</paymentMode>
        <purchaseDetails>
            <item>
                <amount>25000.8</amount>
                <itemID>1</itemID>
                <itemName>bottle</itemName>
                <quantity>10</quantity>
            </item>
            <item>
                <amount>1089.5</amount>
                <itemID>2</itemID>
                <itemName>cap</itemName>
                <quantity>20</quantity>
            </item>
            <item>
                <amount>450.78</amount>
                <itemID>3</itemID>
                <itemName>bluetooth</itemName>
                <quantity>2</quantity>
            </item>
            <ORDERID>101</ORDERID>
            <totalAmount>26541.079999999998</totalAmount>
        </purchaseDetails>
    </transactionDetails>
    <transactionDetails>
        <businessDayDate>2019-07-16</businessDayDate>
        <delivery>
            <deliveryStatus>Completed</deliveryStatus>
            <deliveryvalue>yes</deliveryvalue>
        </delivery>
        <paymentMode>debit</paymentMode>
        <purchaseDetails>
            <item>
                <amount>123934.78</amount>
                <itemID>4</itemID>
                <itemName>Laptop</itemName>
                <quantity>1</quantity>
            </item>
            <item>
                <amount>1089.89</amount>
                <itemID>5</itemID>
                <itemName>Pendrive</itemName>
                <quantity>2</quantity>
            </item>
            <ORDERID>102</ORDERID>
            <totalAmount>125024.67</totalAmount>
        </purchaseDetails>
    </transactionDetails>
     <transactionDetails>
        <businessDayDate>2019-07-17</businessDayDate>
        <delivery>
            <deliveryStatus>Completed</deliveryStatus>
            <deliveryvalue>yes</deliveryvalue>
        </delivery>
        <paymentMode>credit</paymentMode>
        <purchaseDetails>
            <item>
                <amount>123934.78</amount>
                <itemID>6</itemID>
                <itemName>ipad</itemName>
                <quantity>1</quantity>
            </item>
            <item>
                <amount>1089.89</amount>
                <itemID>7</itemID>
                <itemName>phone</itemName>
                <quantity>2</quantity>
            </item>
            <ORDERID>103</ORDERID>
            <totalAmount>125024.67</totalAmount>
        </purchaseDetails>
    </transactionDetails>
</Transaction>
